[
    {
        "_id": "1",
        "code": "GM",
        "img": "/assets/destimages/gambia.jpg",
        "name": "gambia"
    },
    {
        "_id": "2",
        "code": "SG",
        "img": "/assets/destimages/singapore.jpg",
        "name": "singapore"
    },
    {
        "_id": "3",
        "code": "VE",
        "img": "/assets/destimages/Venezuela.jpeg",
        "name": "venezuela"
    },
    {
        "_id": "4",
        "code": "BH",
        "img": "/assets/destimages/Bahrain.jpeg",
        "name": "bahrain"
    },
    {
        "_id": "5",
        "code": "KW",
        "img": "/assets/destimages/kuwait.jpg",
        "name": "kuwait"
    },
    {
        "_id": "6",
        "code": "SE",
        "img": "/assets/destimages/Sweden.jpeg",
        "name": "sweden"
    },
    {
        "_id": "7",
        "code": "DZ",
        "img": "/assets/destimages/Algeria.jpg",
        "name": "Algeria"
    },
    {
        "_id": "8",
        "code": "ZW",
        "img": "/assets/destimages/zimbabwe.jpg",
        "name": "zimbabwe"
    },
    {
        "_id": "9",
        "code": "CI",
        "img": "/assets/destimages/ivory_cost.jpg",
        "name": "ivory-coast"
    },
    {
        "_id": "10",
        "code": "MW",
        "img": "/assets/destimages/malawi.jpg",
        "name": "malawi"
    },
    {
        "_id": "11",
        "code": "SL",
        "img": "/assets/destimages/sierra_leone.jpg",
        "name": "sierra-leone"
    },
    {
        "_id": "12",
        "code": "MX",
        "img": "/assets/destimages/Mexico.jpeg",
        "name": "mexico"
    },
    {
        "_id": "13",
        "code": "BD",
        "img": "/assets/destimages/bangladesh.jpg",
        "name": "bangladesh"
    },
    {
        "_id": "14",
        "code": "RW",
        "img": "/assets/destimages/rwanda.jpg",
        "name": "rwanda"
    },
    {
        "_id": "15",
        "code": "HR",
        "img": "/assets/destimages/Croatia.jpg",
        "name": "Croatia"
    },
    {
        "_id": "16",
        "code": "FI",
        "img": "/assets/destimages/Finland.jpg",
        "name": "finland"
    },
    {
        "_id": "17",
        "code": "TZ",
        "img": "/assets/destimages/tanzania.jpg",
        "name": "tanzania"
    },
    {
        "_id": "18",
        "code": "SV",
        "img": "/assets/destimages/El_Salvador.jpeg",
        "name": "el-salvador"
    },
    {
        "_id": "19",
        "code": "BM",
        "img": "/assets/destimages/Bermuda.jpeg",
        "name": "bermuda"
    },
    {
        "_id": "20",
        "code": "AE",
        "img": "/assets/destimages/uae.jpg",
        "name": "uae"
    },
    {
        "_id": "21",
        "code": "ID",
        "img": "/assets/destimages/Indonesia.jpeg",
        "name": "indonesia"
    },
    {
        "_id": "22",
        "code": "QA",
        "img": "/assets/destimages/Qatar.jpg",
        "name": "qatar"
    },
    {
        "_id": "23",
        "code": "MA",
        "img": "/assets/destimages/Morocco.jpg",
        "name": "Morocco"
    },
    {
        "_id": "24",
        "code": "TW",
        "img": "/assets/destimages/Taiwan.jpeg",
        "name": "taiwan"
    },
    {
        "_id": "25",
        "code": "BO",
        "img": "/assets/destimages/Bolivia.jpeg",
        "name": "bolivia"
    },
    {
        "_id": "26",
        "code": "DM",
        "img": "/assets/destimages/dominica.jpg",
        "name": "dominica"
    },
    {
        "_id": "27",
        "code": "BJ",
        "img": "/assets/destimages/benin.jpg",
        "name": "benin"
    },
    {
        "_id": "28",
        "code": "DJ",
        "img": "/assets/destimages/Djibouti.jpeg",
        "name": "djibouti"
    },
    {
        "_id": "29",
        "code": "MT",
        "img": "/assets/destimages/Malta.jpeg",
        "name": "Malta"
    },
    {
        "_id": "30",
        "code": "GH",
        "img": "/assets/destimages/ghana.jpg",
        "name": "ghana"
    },
    {
        "_id": "31",
        "code": "BE",
        "img": "/assets/destimages/belgium.jpg",
        "name": "belgium"
    },
    {
        "_id": "32",
        "code": "HK",
        "img": "/assets/destimages/hongkong.jpg",
        "name": "hong-kong"
    },
    {
        "_id": "33",
        "code": "GB",
        "img": "/assets/destimages/unitedkingdom.png",
        "name": "united-kingdom"
    },
    {
        "_id": "34",
        "code": "IT",
        "img": "/assets/destimages/Italy.jpg",
        "name": "italy"
    },
    {
        "_id": "35",
        "code": "SD",
        "img": "/assets/destimages/sudan.jpg",
        "name": "sudan"
    },
    {
        "_id": "36",
        "code": "ZM",
        "img": "/assets/destimages/Zambia-2.jpg",
        "name": "zambia"
    },
    {
        "_id": "37",
        "code": "NZ",
        "img": "/assets/destimages/New_Zealand.jpg",
        "name": "new-zealand"
    },
    {
        "_id": "38",
        "code": "BG",
        "img": "/assets/destimages/Bulgaria.jpg",
        "name": "Bulgaria"
    },
    {
        "_id": "39",
        "code": "PH",
        "img": "/assets/destimages/philippines.jpg",
        "name": "philippines"
    },
    {
        "_id": "40",
        "code": "PK",
        "img": "/assets/destimages/pakistan.jpg",
        "name": "pakistan"
    },
    {
        "_id": "41",
        "code": "CD",
        "img": "/assets/destimages/congo.jpg",
        "name": "democratic-republic-of-the-congo"
    },
    {
        "_id": "42",
        "code": "ZA",
        "img": "/assets/destimages/south_africa.jpg",
        "name": "south-africa"
    },
    {
        "_id": "43",
        "code": "TR",
        "img": "/assets/destimages/turkey.jpg",
        "name": "turkey"
    },
    {
        "_id": "44",
        "code": "BB",
        "img": "/assets/destimages/barbados.jpg",
        "name": "barbados"
    },
    {
        "_id": "45",
        "code": "EE",
        "img": "/assets/destimages/Estonia.jpg",
        "name": "Estonia"
    },
    {
        "_id": "46",
        "code": "BI",
        "img": "/assets/destimages/burundi.jpg",
        "name": "burundi"
    },
    {
        "_id": "47",
        "code": "US",
        "img": "/assets/destimages/newyork.png",
        "name": "usa"
    },
    {
        "_id": "48",
        "code": "ET",
        "img": "/assets/destimages/ethiopia.jpg",
        "name": "ethiopia"
    },
    {
        "_id": "49",
        "code": "MC",
        "img": "/assets/destimages/Monaco.JPG",
        "name": "monaco"
    },
    {
        "_id": "50",
        "code": "JO",
        "img": "/assets/destimages/Jordan.jpeg",
        "name": "jordan"
    },
    {
        "_id": "51",
        "code": "GD",
        "img": "/assets/destimages/grenada.jpg",
        "name": "grenada"
    },
    {
        "_id": "52",
        "code": "IE",
        "img": "/assets/destimages/ireland.jpg",
        "name": "ireland"
    },
    {
        "_id": "53",
        "code": "CA",
        "img": "/assets/destimages/Canada-2.jpg",
        "name": "canada"
    },
    {
        "_id": "54",
        "code": "AT",
        "img": "/assets/destimages/Austria.jpg",
        "name": "Austria"
    },
    {
        "_id": "55",
        "code": "MU",
        "img": "/assets/destimages/Mauritius.jpg",
        "name": "mauritius"
    },
    {
        "_id": "56",
        "code": "MY",
        "img": "/assets/destimages/malaysia.jpg",
        "name": "malaysia"
    },
    {
        "_id": "57",
        "code": "CN",
        "img": "/assets/destimages/china.jpg",
        "name": "china"
    },
    {
        "_id": "58",
        "code": "FR",
        "img": "/assets/destimages/france.jpg",
        "name": "france"
    },
    {
        "_id": "59",
        "code": "JP",
        "img": "/assets/destimages/Japan.jpeg",
        "name": "japan"
    },
    {
        "_id": "60",
        "code": "KR",
        "img": "/assets/destimages/South_Korea.jpeg",
        "name": "south-korea"
    },
    {
        "_id": "61",
        "code": "LK",
        "img": "/assets/destimages/Sri-Lanka-2.jpg",
        "name": "sri-lanka"
    },
    {
        "_id": "62",
        "code": "IN",
        "img": "/assets/destimages/india.jpg",
        "name": "india"
    },
    {
        "_id": "63",
        "code": "TH",
        "img": "/assets/destimages/thailand.jpg",
        "name": "thailand"
    },
    {
        "_id": "64",
        "code": "BS",
        "img": "/assets/destimages/bahamas.jpeg",
        "name": "bahamas"
    },
    {
        "_id": "65",
        "code": "UG",
        "img": "/assets/destimages/uganda.jpg",
        "name": "uganda"
    },
    {
        "_id": "66",
        "code": "AU",
        "img": "/assets/destimages/australia.png",
        "name": "australia"
    },
    {
        "_id": "67",
        "code": "SA",
        "img": "/assets/destimages/saudi_arabia.jpg",
        "name": "saudi-arab"
    },
    {
        "_id": "68",
        "code": "GI",
        "img": "/assets/destimages/Gibraltar.jpg",
        "name": "Gibraltar"
    },
    {
        "_id": "69",
        "code": "HU",
        "img": "/assets/destimages/Hungary.jpg",
        "name": "Hungary"
    },
    {
        "_id": "70",
        "code": "CO",
        "img": "/assets/destimages/Colombia.jpg",
        "name": "colombia"
    },
    {
        "_id": "71",
        "code": "IQ",
        "img": "/assets/destimages/Iraq.jpg",
        "name": "iraq"
    },
    {
        "_id": "72",
        "code": "PA",
        "img": "/assets/destimages/Panama.jpeg",
        "name": "panama"
    },
    {
        "_id": "73",
        "code": "DK",
        "img": "/assets/destimages/Denmark.jpg",
        "name": "denmark"
    },
    {
        "_id": "74",
        "code": "VN",
        "img": "/assets/destimages/Vietnam.jpeg",
        "name": "vietnam"
    },
    {
        "_id": "75",
        "code": "BR",
        "img": "/assets/destimages/Brazil.jpeg",
        "name": "brazil"
    },
    {
        "_id": "76",
        "code": "CM",
        "img": "/assets/destimages/Colombia.jpg",
        "name": "cameroon"
    },
    {
        "_id": "77",
        "code": "NO",
        "img": "/assets/destimages/Norway.jpg",
        "name": "Norway"
    },
    {
        "_id": "78",
        "code": "OM",
        "img": "/assets/destimages/Oman.jpeg",
        "name": "oman"
    },
    {
        "_id": "79",
        "code": "LV",
        "img": "/assets/destimages/Latvia.jpg",
        "name": "Latvia"
    },
    {
        "_id": "80",
        "code": "EG",
        "img": "/assets/destimages/egypt.jpg",
        "name": "egypt"
    },
    {
        "_id": "81",
        "code": "NA",
        "img": "/assets/destimages/Namibia.jpg",
        "name": "namibia"
    },
    {
        "_id": "82",
        "code": "ME",
        "img": "/assets/destimages/Montenegro.jpeg",
        "name": "montenegro"
    },
    {
        "_id": "83",
        "code": "JM",
        "img": "/assets/destimages/jamaica.jpg",
        "name": "jamaica"
    },
    {
        "_id": "84",
        "code": "CY",
        "img": "/assets/destimages/Cyprus.jpg",
        "name": "Cyprus"
    },
    {
        "_id": "85",
        "code": "KE",
        "img": "/assets/destimages/kenya.jpg",
        "name": "kenya"
    },
    {
        "_id": "86",
        "code": "CL",
        "img": "/assets/destimages/Chile.jpg",
        "name": "chile"
    },
    {
        "_id": "87",
        "code": "SN",
        "img": "/assets/destimages/senegal.jpg",
        "name": "senegal"
    },
    {
        "_id": "88",
        "code": "RO",
        "img": "/assets/destimages/Romania.jpeg",
        "name": "romania"
    },
    {
        "_id": "89",
        "code": "NG",
        "img": "/assets/destimages/nigeria.jpg",
        "name": "nigeria"
    },
    {
        "_id": "90",
        "code": "KH",
        "img": "/assets/destimages/Cambodia.jpeg",
        "name": "cambodia"
    },
    {
        "_id": "91",
        "code": "LU",
        "img": "/assets/destimages/Luxembourg.jpg",
        "name": "Luxembourg"
    },
    {
        "_id": "92",
        "code": "BY",
        "img": "/assets/destimages/Belarus.jpg",
        "name": "belarus"
    },
    {
        "_id": "93",
        "code": "DO",
        "img": "/assets/destimages/dominican_republic.jpg",
        "name": "dominican-republic"
    },
    {
        "_id": "94",
        "code": "AL",
        "img": "/assets/destimages/Albania.jpg",
        "name": "Albania"
    },
    {
        "_id": "95",
        "code": "LT",
        "img": "/assets/destimages/Lithuania.jpeg",
        "name": "Lithuania"
    },
    {
        "_id": "96",
        "code": "AR",
        "img": "/assets/destimages/Argentina.jpeg",
        "name": "argentina"
    },
    {
        "_id": "97",
        "code": "RU",
        "img": "/assets/destimages/Russia.jpeg",
        "name": "Russia"
    },
    {
        "_id": "98",
        "code": "CH",
        "img": "/assets/destimages/Switzerland.jpg",
        "name": "switzerland"
    },
    {
        "_id": "99",
        "code": "UY",
        "img": "/assets/destimages/Uruguay.jpg",
        "name": "uruguay"
    }
]